Model,MAE,RMSE,MAPE,Forecast Month 1,Forecast Month 2,Forecast Month 3
Prophet,14501.231809442676,19156.481266172847,17.76299184373282,42548.14257485415,33310.12508564361,80304.67338860735
XGBoost,15641.815608333332,20019.635058842654,18.228433397907786,38503.32421875,34721.6875,41940.640625
SARIMA,19882.13559389544,24461.207844985907,24.070747734513024,55786.45885099347,9717.739963795793,49130.950092452375
